seller,name,price,link
Vatan Bilgisayar,SAMSUNG GALAXY S22 ULTRA 256 GB AKILLI TELEFON YEŞİL,39993,https://www.vatanbilgisayar.com/samsung-ultra-256-gb-akilli-telefon-green.html
Vatan Bilgisayar,SAMSUNG GALAXY A33 5G 128 GB AKILLI TELEFON BEYAZ,8999,https://www.vatanbilgisayar.com/samsung-galaxy-a33-5g-128-gb-akilli-telefon-beyaz.html
Vatan Bilgisayar,Xiaomi Redmi 10c 128 Gb Akıllı Telefon Mavi,5499,https://www.vatanbilgisayar.com/xiaomi-redmi-10c-128-gb-akilli-telefon-mavi.html
Vatan Bilgisayar,HUAWEI NOVA 9 SE 128 GB AKILLI TELEFON MAVİ,8299,https://www.vatanbilgisayar.com/huawei-nova-9-se-128-gb-akilli-telefon-mavi.html
Vatan Bilgisayar,SAMSUNG GALAXY S21 FE 5G 128 GB AKILLI TELEFON GRAFIT,15999,https://www.vatanbilgisayar.com/samsung-galaxy-s21-fe-5g-128-gb-akilli-telefon-grafit.html
Vatan Bilgisayar,General Mobile GM 22 Tek Sim Kırmızı 32 Gb Akıllı Telefon,3099,https://www.vatanbilgisayar.com/general-mobile-gm-22-tek-sim-kirmizi-32-gb-akilli-telefon.html
Vatan Bilgisayar,Xiaomi Redmi 10 64 Gb Akıllı Telefon Mavi,4999,https://www.vatanbilgisayar.com/xiaomi-redmi-10-64-gb-akilli-telefon-mavi.html
Vatan Bilgisayar,Xiaomi Redmi Note 11 Pro 8GB/128GB Akıllı Telefon Mavi,8999,https://www.vatanbilgisayar.com/xiaomi-redmi-note-11-pro-8gb-128gb-akilli-telefon-mavi.html
Vatan Bilgisayar,HUAWEI NOVA Y90 128 GB AKILLI TELEFON GECE YARISI SİYAHI,6999,https://www.vatanbilgisayar.com/huawei-nova-y90-128-gb-akilli-telefon-gece-yarisi-siyahi.html
Vatan Bilgisayar,iPhone 14 Pro 512 Gb Akıllı Telefon Uzay Siyahı,47899,https://www.vatanbilgisayar.com/iphone-14-pro-512-gb-akilli-telefon-uzay-siyahi.html
Vatan Bilgisayar,SAMSUNG GALAXY A23 4/128 GB AKILLI TELEFON SİYAH,7999,https://www.vatanbilgisayar.com/samsung-galaxy-a23-128-gb-akilli-telefon-siyah.html
Vatan Bilgisayar,Xiaomi Redmi Note 11 6GB/128GB Akıllı Telefon Gri,7399,https://www.vatanbilgisayar.com/xiaomi-redmi-note-11-6gb-128gb-akilli-telefon-gri.html
Vatan Bilgisayar,Oppo A55 4+128gb Akıllı Telefon Işıltılı Siyah,5699,https://www.vatanbilgisayar.com/oppo-a55-128gb-akilli-telefon-siyah.html
Vatan Bilgisayar,SAMSUNG GALAXY S22 ULTRA 256 GB AKILLI TELEFON FANTOM BEYAZ,39993,https://www.vatanbilgisayar.com/samsung-galaxy-s22-ultra-256-gb-akilli-telefon-phantom-white.html
Vatan Bilgisayar,SAMSUNG GALAXY S22 ULTRA 512 GB AKILLI TELEFON FANTOM BEYAZ,41993,https://www.vatanbilgisayar.com/samsung-galaxy-s22-ultra-512-gb-akilli-telefon-phantom-white.html
Vatan Bilgisayar,Xiaomi Redmi 10c 128 Gb Akıllı Telefon Yeşil,5499,https://www.vatanbilgisayar.com/xiaomi-redmi-10c-128-gb-akilli-telefon-yesil.html
Vatan Bilgisayar,Samsung Galaxy Z Fold3 5G 256 GB Akıllı Telefon Siyah,28999,https://www.vatanbilgisayar.com/samsung-galaxy-z-fold-3-5g-akilli-telefon.html
Vatan Bilgisayar,Samsung Galaxy Z Fold3 5g 256 Gb Akıllı Telefon Yeşil,28999,https://www.vatanbilgisayar.com/samsung-galaxy-z-fold-3-5g-256-gb-akilli-telefon-yesil.html
Vatan Bilgisayar,Vivo V21e 128 Gb Akıllı Telefon Roma Siyahı,9499,https://www.vatanbilgisayar.com/vivo-v21e-128-gb-akilli-telefon-roma-siyahi.html
Vatan Bilgisayar,Tecno Pova Neo 2 6GB/128GB Akıllı Telefon Magma Turuncu,6299,https://www.vatanbilgisayar.com/tecno-pova-neo-2-6gb-128gb-akilli-telefon-magma-turuncu.html
Vatan Bilgisayar,Tecno Pova Neo 2 6GB/128GB Akıllı Telefon Gri,6299,https://www.vatanbilgisayar.com/tecno-pova-neo-2-6gb-128gb-akilli-telefon-gri.html
Vatan Bilgisayar,Vivo Y16 3/32 Gb Akıllı Telefon Yıldızlı Gece Siyahı,4699,https://www.vatanbilgisayar.com/vivo-y16-3-32-gb-akilli-telefon-yildizli-gece-siyahi.html
Vatan Bilgisayar,Vivo Y16 3/32 Gb Akıllı Telefon Işıltılı Altın,4699,https://www.vatanbilgisayar.com/vivo-y16-3-32-gb-akilli-telefon-isiltili-altin.html
Vatan Bilgisayar,Tecno Spark 8C 4/128GB KG5q Akıllı Telefon Elmas Grisi,4999,https://www.vatanbilgisayar.com/tecno-spark-8c-4-128gb-kg5q-akilli-telefon-elmas-grisi.html
Vatan Bilgisayar,Tecno Camon 19 Pro 8/128GB Akıllı Telefon Mondrian,8999,https://www.vatanbilgisayar.com/tecno-camon-19-pro-8-128gb-akilli-telefon-mondrian.html
Vatan Bilgisayar,SAMSUNG GALAXY S20 FE DUAL 256 GB AKILLI TELEFON LACİVERT,15499,https://www.vatanbilgisayar.com/samsung-galaxy-s20-fe-dual-256-gb-akilli-telefon-lacivert.html
Vatan Bilgisayar,SAMSUNG GALAXY S20 FE DUAL 256 GB AKILLI TELEFON MİNT YEŞİLİ,15499,https://www.vatanbilgisayar.com/samsung-galaxy-s20-fe-dual-256-gb-akilli-telefon-mint-yesili.html
Vatan Bilgisayar,SAMSUNG GALAXY S20 FE DUAL 256 GB AKILLI TELEFON LAVANTA,15499,https://www.vatanbilgisayar.com/samsung-galaxy-s20-fe-dual-256-gb-akilli-telefon-lavanta.html
Vatan Bilgisayar,HUAWEI MATE 50 PRO 256 GB AKILLI TELEFON GUMUS,32999,https://www.vatanbilgisayar.com/huawei-mate-50-pro-gumus.html
Vatan Bilgisayar,HUAWEI NOVA 10 SE 8/128 GB AKILLI TELEFON SIYAH,12499,https://www.vatanbilgisayar.com/huawei-nova-10-se-8-128-gb-akilli-telefon-siyah.html
Vatan Bilgisayar,Tecno Spark 9T 4/128GB Akıllı Telefon Siyah,4999,https://www.vatanbilgisayar.com/tecno-spark-9t-4-128gb-akilli-telefon-siyah.html
Vatan Bilgisayar,iPhone 14 Pro 1 Tb Akıllı Telefon Uzay Siyahı,53199,https://www.vatanbilgisayar.com/iphone-14-pro-1-tb-akilli-telefon-uzay-siyahi.html
Vatan Bilgisayar,Tcl 20e 3/32 Gb Akıllı Telefon Mavi,2999,https://www.vatanbilgisayar.com/tcl-20e-3-32-gb-akilli-telefon-mavi.html
Vatan Bilgisayar,Vivo Y35 8/256 Gb Akıllı Telefon Gün Doğumu,8499,https://www.vatanbilgisayar.com/vivo-y35-8-256-gb-akilli-telefon-gun-dogumu.html
Vatan Bilgisayar,SAMSUNG GALAXY S21 FE 5G 128 GB AKILLI TELEFON BEYAZ,15999,https://www.vatanbilgisayar.com/samsung-galaxy-s21-fe-akilli-telefon.html
Vatan Bilgisayar,Xiaomi Redmi 10c 64 Gb Akıllı Telefon Gri,4999,https://www.vatanbilgisayar.com/xiaomi-redmi-10c-64-gb-akilli-telefon-gri.html
Vatan Bilgisayar,Samsung Galaxy A32 128 Gb Akıllı Telefon Açık Mor,7999,https://www.vatanbilgisayar.com/samsung-galaxy-a32-128-gb-akilli-telefon-acik-mor.html
Vatan Bilgisayar,Xiaomi Redmi 10c 64 Gb Akıllı Telefon Mavi,4999,https://www.vatanbilgisayar.com/xiaomi-redmi-10c-64-gb-akilli-telefon-mavi.html
Vatan Bilgisayar,ALCATEL-TCL 2057D SİYAH TUŞLU TELEFON,1199,https://www.vatanbilgisayar.com/alcatel-tcl-2057d-siyah-tuslu-telefon.html
Vatan Bilgisayar,SAMSUNG GALAXY S21 FE 5G 128 GB AKILLI TELEFON LAVANTA,15999,https://www.vatanbilgisayar.com/samsung-galaxy-s21-fe-5g-128-gb-akilli-telefon-lavanta.html
Vatan Bilgisayar,Samsung Galaxy A32 128 Gb Akıllı Telefon Beyaz,7999,https://www.vatanbilgisayar.com/samsung-galaxy-a32-128-gb-akilli-telefon-beyaz.html
Vatan Bilgisayar,OPPO A96 (6GB+128GB) Akıllı Telefon Işıltılı Siyah,7499,https://www.vatanbilgisayar.com/oppo-a96-6gb-128gb-isiltili-siyah.html
Vatan Bilgisayar,Tecno Camon 19 Pro 8/128GB Akıllı Telefon Kutup Mavisi,8999,https://www.vatanbilgisayar.com/tecno-camon-19-pro-8-128gb-akilli-telefon-kutup-mavisi.html
Vatan Bilgisayar,Tecno Spark 9 Pro 4GB /128GB Akıllı Telefon Siyah,5799,https://www.vatanbilgisayar.com/tecno-spark-9-pro-4gb-128gb-akilli-telefon-siyah.html
Vatan Bilgisayar,Xiaomi Redmi Note 11 6GB/128GB Akıllı Telefon Gece Mavisi,7399,https://www.vatanbilgisayar.com/xiaomi-redmi-note-11-6gb-128gb-akilli-telefon-gece-mavisi.html
Vatan Bilgisayar,General Mobile GM 22 Tek Sim Yeşil 32 Gb Akıllı Telefon,3099,https://www.vatanbilgisayar.com/general-mobile-gm-22-tek-sim-yesil-32-gb-akilli-telefon.html
Vatan Bilgisayar,Samsung Galaxy S20 Fe 128 Gb Lacivert,11999,https://www.vatanbilgisayar.com/samsung-galaxy-s20-fe-128-gb-lacivert-telefon.html
Vatan Bilgisayar,General Mobile GM 21 New Edition Tek Sim Light Mavi 32 GB Akıllı Telefon,2899,https://www.vatanbilgisayar.com/general-mobile-gm-21-new-edition-tek-sim-light-mavi-32-gb-akilli-telefon.html
Vatan Bilgisayar,SAMSUNG GALAXY A23 6/128 GB AKILLI TELEFON SİYAH,6999,https://www.vatanbilgisayar.com/samsung-galaxy-a23-6-128-gb-akilli-telefon-siyah.html
Vatan Bilgisayar,SAMSUNG GALAXY A23 6/128 GB AKILLI TELEFON MAVİ,6999,https://www.vatanbilgisayar.com/samsung-galaxy-a23-6-128-gb-akilli-telefon-gece-mavisi.html
Vatan Bilgisayar,SAMSUNG GALAXY A23 6/128 GB AKILLI TELEFON BEYAZ,6999,https://www.vatanbilgisayar.com/samsung-galaxy-a23-6-128-gb-akilli-telefon-beyaz.html
Vatan Bilgisayar,Oppo A16 64gb Akıllı Telefon Kristal Siyahı,4299,https://www.vatanbilgisayar.com/oppo-a16-64gb-akilli-telefon-kristal-siyahi.html
Vatan Bilgisayar,Xiaomi Redmi 10 64 Gb Akıllı Telefon Gri,4999,https://www.vatanbilgisayar.com/xiaomi-redmi-10-64-gb-akilli-telefon-gri.html
Vatan Bilgisayar,Xiaomi Redmi 10 128 Gb Akıllı Telefon Mavi,5999,https://www.vatanbilgisayar.com/xiaomi-redmi-10-128-gb-akilli-telefon-mavi.html
Vatan Bilgisayar,Xiaomi Redmi Note 11 Pro 8GB/128GB Akıllı Telefon Gri,8999,https://www.vatanbilgisayar.com/xiaomi-redmi-note-11-pro-8gb-128gb-akilli-telefon-gri.html
Vatan Bilgisayar,SAMSUNG GALAXY A33 5G 128 GB AKILLI TELEFON SİYAH,8999,https://www.vatanbilgisayar.com/samsung-galaxy-a33-5g-128-gb-akilli-telefon-siyah.html
Vatan Bilgisayar,Xiaomi Redmi 10c 128 Gb Akıllı Telefon Gri,5499,https://www.vatanbilgisayar.com/xiaomi-redmi-10c-128-gb-akilli-telefon-gri.html
Vatan Bilgisayar,General Mobile GM 22 Tek Sim Ocean Siyah 32 Gb Akıllı Telefon,3099,https://www.vatanbilgisayar.com/general-mobile-gm-22-tek-sim-ocean-siyah-32-gb-akilli-telefon.html
Vatan Bilgisayar,HUAWEI NOVA Y70 128 GB AKILLI TELEFON GECE YARISI SİYAHI,5299,https://www.vatanbilgisayar.com/huawei-nova-y70-128-gb-akilli-telefon-gece-yarisi-siyahi.html
Vatan Bilgisayar,Xiaomi Redmi 10 128 Gb Akıllı Telefon Gri,5999,https://www.vatanbilgisayar.com/xiaomi-redmi-10-128-gb-akilli-telefon-gri.html
Vatan Bilgisayar,Xiaomi 12T 8GB/256GB Siyah Akıllı Telefon,17599,https://www.vatanbilgisayar.com/xiaomi-12t-8gb-256gb-siyah-akilli-telefon.html
Vatan Bilgisayar,Oppo A16 64gb Akıllı Telefon İnci Mavisi,4299,https://www.vatanbilgisayar.com/oppo-a16-64gb-akilli-telefon-inci-mavisi.html
Vatan Bilgisayar,SAMSUNG GALAXY A33 5G 128 GB AKILLI TELEFON MAVİ,8999,https://www.vatanbilgisayar.com/samsung-galaxy-a33-5g-128-gb-akilli-telefon-mavi.html
Vatan Bilgisayar,Xiaomi Redmi Note 11 Pro 8GB/128GB Akıllı Telefon Beyaz,8999,https://www.vatanbilgisayar.com/xiaomi-redmi-note-11-pro-8gb-128gb-akilli-telefon-beyaz.html
Vatan Bilgisayar,iPhone 14 Pro 256 Gb Akıllı Telefon Uzay Siyahı,42599,https://www.vatanbilgisayar.com/iphone-14-pro-256-gb-akilli-telefon-uzay-siyahi.html
Vatan Bilgisayar,iPhone 14 Plus 512 Gb Akıllı Telefon Mavi,42899,https://www.vatanbilgisayar.com/iphone-14-plus-512-gb-akilli-telefon-mavi.html
Vatan Bilgisayar,iPhone 14 Plus 512 Gb Akıllı Telefon Siyah,42899,https://www.vatanbilgisayar.com/iphone-14-plus-512-gb-akilli-telefon-siyah.html
Vatan Bilgisayar,iPhone 14 512 Gb Akıllı Telefon Kırmızı,38899,https://www.vatanbilgisayar.com/iphone-14-512-gb-akilli-telefon-kirmizi.html
Vatan Bilgisayar,iPhone 14 512 Gb Akıllı Telefon Mor,38899,https://www.vatanbilgisayar.com/iphone-14-512-gb-akilli-telefon-mor.html
Vatan Bilgisayar,iPhone 14 128 Gb Akıllı Telefon Gece Yarısı Siyahı,30999,https://www.vatanbilgisayar.com/iphone-14-akilli-telefon.html
Vatan Bilgisayar,Xiaomi 12 Lite 8GB/256GB Siyah Akıllı Telefon,15299,https://www.vatanbilgisayar.com/xiaomi-12-lite-8gb-256gb-siyah-akilli-telefon.html
Vatan Bilgisayar,Xiaomi Poco C40 4GB/64GB Akıllı Telefon Güç Siyahı,5299,https://www.vatanbilgisayar.com/xiaomi-poco-c40-4gb-64gb-akilli-telefon-guc-siyahi.html
Vatan Bilgisayar,Xiaomi Poco C40 4GB/64GB Akıllı Telefon Mercan Yeşili,5299,https://www.vatanbilgisayar.com/xiaomi-poco-c40-4gb-64gb-akilli-telefon-mercan-yesili.html
Vatan Bilgisayar,Xiaomi Redmi Note 11 6GB/128GB Akıllı Telefon Yıldız Mavisi,7399,https://www.vatanbilgisayar.com/xiaomi-redmi-note-11-6gb-128gb-akilli-telefon-yildiz-mavisi.html
Vatan Bilgisayar,TCL 30 PLUS 4/128 GB AKILLI TELEFON MAVİ,6999,https://www.vatanbilgisayar.com/tcl-30-plus-4-128-gb-akilli-telefon-mavi.html
Vatan Bilgisayar,TCL 30 SE 4/64 GB AKILLI TELEFON MAVİ,5699,https://www.vatanbilgisayar.com/tcl-30-se-4-64-gb-akilli-telefon-mavi.html
Vatan Bilgisayar,TCL 30 SE 4/64 GB AKILLI TELEFON GRAY,5699,https://www.vatanbilgisayar.com/tcl-30-se-4-64-gb-akilli-telefon-gray.html
Vatan Bilgisayar,Xiaomi Redmi Note 11 4GB/64 GB Akıllı Telefon Gece Mavisi,6499,https://www.vatanbilgisayar.com/xiaomi-redmi-note-11-4gb-64-gb-akilli-telefon-gece-mavisi.html
Vatan Bilgisayar,Xiaomi Redmi Note 11 4GB/64 GB Akıllı Telefon Gri,6499,https://www.vatanbilgisayar.com/xiaomi-redmi-note-11-4gb-64-gb-akilli-telefon-gri.html
Vatan Bilgisayar,Tecno Spark 8T 4/64 Gb Akıllı Telefon Atlantik Mavi,3899,https://www.vatanbilgisayar.com/tecno-spark-8-t-4-64-gb-akilli-telefon-atlantik-mavi.html
Vatan Bilgisayar,SAMSUNG GALAXY Z FOLD 4 AKILLI TELEFON KOYU YEŞİL,38999,https://www.vatanbilgisayar.com/samsung-galaxy-z-fold-4-akilli-telefon-koyu-yesil.html
Vatan Bilgisayar,Tecno Spark 8C 4/64 Gb Akıllı Telefon Siyah,4299,https://www.vatanbilgisayar.com/tecno-spark-8c-4-64-gb-akilli-telefon-siyah.html
Vatan Bilgisayar,SAMSUNG GALAXY S22 PLUS 256 GB AKILLI TELEFON FAMTOM SİYAH,28999,https://www.vatanbilgisayar.com/samsung-galaxy-s22-plus-256-gb-akilli-telefon-phantom-black.html
Vatan Bilgisayar,iPhone 12 256 Gb Akıllı Telefon Siyah,26499,https://www.vatanbilgisayar.com/iphone-12-256-gb-akilli-telefon-siyah.html
Vatan Bilgisayar,Tecno Spark 8C 4/128GB KG5q Akıllı Telefon Turkuaz,4999,https://www.vatanbilgisayar.com/tecno-spark-8c-4-128gb-kg5q-akilli-telefon-turkuaz.html
Vatan Bilgisayar,Tecno Spark 8C 4/128GB KG5q Akıllı Telefon Siyah,4999,https://www.vatanbilgisayar.com/tecno-spark-8c-4-128gb-kg5q-akilli-telefon-siyah.html
Vatan Bilgisayar,Tecno Camon 19 Neo 6/128GB Akıllı Telefon Siyah,6799,https://www.vatanbilgisayar.com/tecno-camon-19-neo-6-128gb-akilli-telefon-siyah.html
Vatan Bilgisayar,Xiaomi Redmi 10c 64 Gb Akıllı Telefon Yeşil,4999,https://www.vatanbilgisayar.com/xiaomi-redmi-10c-64-gb-akilli-telefon-yesil.html
Vatan Bilgisayar,HUAWEI NOVA 10 8/128 GB AKILLI TELEFON SİYAH,13999,https://www.vatanbilgisayar.com/huawei-nova-10-8-128-gb-akilli-telefon-siyah.html
Vatan Bilgisayar,SAMSUNG GALAXY Z FOLD 4 AKILLI TELEFON BEJ,38999,https://www.vatanbilgisayar.com/samsung-galaxy-z-fold-4-akilli-telefon-bej.html
Vatan Bilgisayar,Vivo Y21 64 Gb Akıllı Telefon Metalik Mavi,4559,https://www.vatanbilgisayar.com/vivo-y21-64-gb-akilli-telefon-metalik-mavi.html
Vatan Bilgisayar,SAMSUNG GALAXY A73 8/256 GB AKILLI TELEFON KOYU GRİ,14499,https://www.vatanbilgisayar.com/samsung-galaxy-a73-8-256-gb-akilli-telefon-koyu-gri.html
Vatan Bilgisayar,SAMSUNG GALAXY A73 8/256 GB AKILLI TELEFON MİNT YEŞİLİ,14499,https://www.vatanbilgisayar.com/samsung-galaxy-a73-8-256-gb-akilli-telefon-mint-yesili.html
Vatan Bilgisayar,Vivo V25 8/256 Gb 5G Akıllı Telefon Gün Doğumu Işıltısı,13999,https://www.vatanbilgisayar.com/vivo-v25-8-256-gb-5g-akilli-telefon-gun-dogumu-isiltisi.html
Vatan Bilgisayar,Vivo Y22s 6/128 Gb Akıllı Telefon Yaz Esintisi,7499,https://www.vatanbilgisayar.com/vivo-y22s-128-gb-akilli-telefon-yaz-esintisi.html
Vatan Bilgisayar,Vivo Y22s 6/128 Gb Akıllı Telefon Yıldızlı Mavi,7499,https://www.vatanbilgisayar.com/vivo-y22s-128-gb-akilli-telefon-yildizli-mavi.html
Vatan Bilgisayar,Xiaomi Redmi Note 11 Pro 6GB/128GB Akıllı Telefon Mavi,8999,https://www.vatanbilgisayar.com/xiaomi-redmi-note-11-pro-6gb-128gb-akilli-telefon-mavi.html
Vatan Bilgisayar,Samsung Galaxy A32 128 Gb Akıllı Telefon Siyah,7999,https://www.vatanbilgisayar.com/samsung-galaxy-a32-128-gb-akilli-telefon-siyah.html
Vatan Bilgisayar,ALCATEL-TCL 1068D SİYAH TUŞLU TELEFON,799,https://www.vatanbilgisayar.com/alcatel-1068d-siyah-tuslu-telefon.html
Vatan Bilgisayar,Tecno Camon 19 Pro 8/128GB Akıllı Telefon Siyah,8999,https://www.vatanbilgisayar.com/tecno-camon-19-pro-8-128gb-akilli-telefon-siyah.html
Vatan Bilgisayar,ALCATEL-TCL 2020X GRAY TUŞLU TELEFON,1199,https://www.vatanbilgisayar.com/alcatel-tcl-2020x-gray-tuslu-telefon.html
Vatan Bilgisayar,Oppo A55 4+128gb Akıllı Telefon Gökkuşağı Mavisi,5699,https://www.vatanbilgisayar.com/oppo-a55-128gb-akilli-telefon-mavi.html
Vatan Bilgisayar,HONOR 70 128 GB AKILLI TELEFON ZÜMRÜT YEŞİLİ,13999,https://www.vatanbilgisayar.com/honor-70-128-gb-akilli-telefon-zumrut-yesili.html
Vatan Bilgisayar,SAMSUNG GALAXY S22 ULTRA 512 GB AKILLI TELEFON BORDO,41993,https://www.vatanbilgisayar.com/samsung-galaxy-s22-ultra-512-gb-akilli-telefon-burgundy.html
Vatan Bilgisayar,Vivo Y35 8/256 Gb Akıllı Telefon Yıldızlı Mavi,8499,https://www.vatanbilgisayar.com/vivo-y35-8-256-gb-akilli-telefon-yildizli-mavi.html
Vatan Bilgisayar,Xiaomi 12T 8GB/256GB Mavi Akıllı Telefon,19999,https://www.vatanbilgisayar.com/xiaomi-12t-8gb-256gb-mavi-akilli-telefon.html
Vatan Bilgisayar,HUAWEI NOVA 9 SE 128 GB AKILLI TELEFON SİYAH,8299,https://www.vatanbilgisayar.com/huawei-nova-9-se-128-gb-akilli-telefon-siyah.html
Vatan Bilgisayar,OPPO A96 (6GB+128GB) Akıllı Telefon Günbatımı Mavisi,7499,https://www.vatanbilgisayar.com/oppo-a96-6gb-128gb-gunbatimi-mavisi.html
Vatan Bilgisayar,Samsung Galaxy Z Flıp3 5g 128 Gb Akıllı Telefon Green,18999,https://www.vatanbilgisayar.com/samsung-galaxy-z-flip3-5g-128-gb-akilli-telefon-green.html
Vatan Bilgisayar,iPhone 14 Pro 512 Gb Akıllı Telefon Derin Mor,47899,https://www.vatanbilgisayar.com/iphone-14-pro-512-gb-akilli-telefon-derin-mor.html
Vatan Bilgisayar,ALCATEL-TCL 2057D BEYAZ TUŞLU TELEFON,1199,https://www.vatanbilgisayar.com/alcatel-tcl-2057d-beyaz-tuslu-telefon.html
Vatan Bilgisayar,SAMSUNG GALAXY S22 128 GB AKILLI TELEFON FANTOM SİYAH,25993,https://www.vatanbilgisayar.com/samsung-galaxy-s22-akilli-telefon.html
Vatan Bilgisayar,iPhone 14 Pro 512 Gb Akıllı Telefon Gümüş,47899,https://www.vatanbilgisayar.com/iphone-14-pro-512-gb-akilli-telefon-gumus.html
Vatan Bilgisayar,iPhone 14 Plus 512 Gb Akıllı Telefon Yıldız Işığı,42899,https://www.vatanbilgisayar.com/iphone-14-plus-512-gb-akilli-telefon-yildiz-isigi.html
Vatan Bilgisayar,iPhone 14 512 Gb Akıllı Telefon Gece Yarısı Siyahı,38899,https://www.vatanbilgisayar.com/iphone-14-512-gb-akilli-telefon-siyah.html
Vatan Bilgisayar,SAMSUNG GALAXY Z FLIP 4 AKILLI TELEFON,25999,https://www.vatanbilgisayar.com/samsung-galaxy-z-flip4-akilli-telefon.html
Vatan Bilgisayar,Xiaomi Redmi Note 11 Pro 6GB/128GB Akıllı Telefon Beyaz,8999,https://www.vatanbilgisayar.com/xiaomi-redmi-note-11-pro-6gb-128gb-akilli-telefon-beyaz.html
Vatan Bilgisayar,Samsung Galaxy Z Fold3 5g 256 Gb Akıllı Telefon Gümüş,28999,https://www.vatanbilgisayar.com/samsung-galaxy-z-fold-3-5g-256-gb-akilli-telefon-gumus.html
Vatan Bilgisayar,Samsung Galaxy S20 Fe 128 Gb Lavanta Telefon,11999,https://www.vatanbilgisayar.com/samsung-galaxy-s20-fe-128-gb-lavanta-telefon.html
Vatan Bilgisayar,SAMSUNG GALAXY S20 FE DUAL 256 GB AKILLI TELEFON BEYAZ,15499,https://www.vatanbilgisayar.com/samsung-galaxy-s20-fe-dual-256-gb-akilli-telefon-beyaz.html
Vatan Bilgisayar,HUAWEI NOVA 10 SE 8/128 GB AKILLI TELEFON GUMUS,12499,https://www.vatanbilgisayar.com/huawei-nova-10-se-8-128-gb-akilli-telefon-gumus.html
Vatan Bilgisayar,iPhone 14 Plus 256 Gb Akıllı Telefon Kırmızı,37599,https://www.vatanbilgisayar.com/iphone-14-plus-256-gb-akilli-telefon-kirmizi.html
Vatan Bilgisayar,HUAWEI NOVA Y90 128 GB AKILLI TELEFON KRİSTAL MAVİ,7999,https://www.vatanbilgisayar.com/huawei-nova-y90-128-gb-akilli-telefon-kristal-mavi.html
Vatan Bilgisayar,SAMSUNG GALAXY S22 ULTRA 128 GB AKILLI TELEFON FANTOM BEYAZ,38993,https://www.vatanbilgisayar.com/samsung-galaxy-s22-ultra-128-gb-akilli-telefon-phantom-white.html
Vatan Bilgisayar,SAMSUNG GALAXY S22 ULTRA 128 GB AKILLI TELEFON YEŞİL,38993,https://www.vatanbilgisayar.com/samsung-galaxy-s22-ultra-128-gb-akilli-telefon-green.html
Vatan Bilgisayar,SAMSUNG GALAXY S22 PLUS 256 GB AKILLI TELEFON FANTOM BEYAZ,28999,https://www.vatanbilgisayar.com/samsung-galaxy-s22-plus-256-gb-akilli-telefon-phantom-white.html
Vatan Bilgisayar,SAMSUNG GALAXY S22 128 GB AKILLI TELEFON FANTOM BEYAZ,25993,https://www.vatanbilgisayar.com/samsung-galaxy-s22-128-gb-akilli-telefon-phantom-white.html
Vatan Bilgisayar,Realme C11 2021 2 Gb Ram 32 Gb Akıllı Telefon Ihlara Grisi,3099,https://www.vatanbilgisayar.com/realme-c11-2021-2-gb-ram-32-gb-akilli-telefon-ihlara-grisi.html
Vatan Bilgisayar,iPhone 13 Mini 512 Gb Akıllı Telefon Mavi,29999,https://www.vatanbilgisayar.com/iphone-13-mini-512-gb-akilli-telefon-mavi.html
Vatan Bilgisayar,iPhone 13 Mini 512 Gb Akıllı Telefon Pembe,29999,https://www.vatanbilgisayar.com/iphone-13-mini-512-gb-akilli-telefon-pembe.html
Vatan Bilgisayar,Tecno Spark 8C 4/64GB KG5q Akıllı Telefon Siyah,4299,https://www.vatanbilgisayar.com/tecno-spark-8c-4-64gb-kg5q-akilli-telefon-siyah.html
Vatan Bilgisayar,Tecno Pova Neo 2 6GB/128GB Akıllı Telefon Mavi,6299,https://www.vatanbilgisayar.com/tecno-pova-neo-2-6gb-128gb-akilli-telefon-mavi.html
Vatan Bilgisayar,SAMSUNG GALAXY A73 8/256 GB AKILLI TELEFON BEYAZ,14499,https://www.vatanbilgisayar.com/samsung-galaxy-a73-8-256-gb-akilli-telefon.html
Vatan Bilgisayar,Vivo V25 8/256 Gb 5G Akıllı Telefon Elmas Siyahı,13999,https://www.vatanbilgisayar.com/vivo-v25-8-256-gb-5g-akilli-telefon-elmas-siyahi.html
Vatan Bilgisayar,Tecno Spark 9 Pro 4GB /128GB Akıllı Telefon Beyaz,5799,https://www.vatanbilgisayar.com/tecno-spark-9-pro-4gb-128gb-akilli-telefon-beyaz.html
Vatan Bilgisayar,iPhone 14 Plus 512 Gb Akıllı Telefon Kırmızı,42899,https://www.vatanbilgisayar.com/iphone-14-plus-512-gb-akilli-telefon-kirmizi.html
Vatan Bilgisayar,iPhone 14 Plus 512 Gb Akıllı Telefon Mor,42899,https://www.vatanbilgisayar.com/iphone-14-plus-512-gb-akilli-telefon-mor.html
Vatan Bilgisayar,SAMSUNG GALAXY Z FOLD 4 AKILLI TELEFON SİYAH,38999,https://www.vatanbilgisayar.com/samsung-galaxy-z-fold4-akilli-telefon.html
Vatan Bilgisayar,HUAWEI NOVA 9 SE 128 GB AKILLI TELEFON BEYAZ,8999,https://www.vatanbilgisayar.com/huawei-nova-9-se-128-gb-akilli-telefon-beyaz.html
Vatan Bilgisayar,SAMSUNG GALAXY S22 PLUS 128 GB AKILLI TELEFON PEMBE GOLD,26999,https://www.vatanbilgisayar.com/samsung-galaxy-s22-plus-128-gb-akilli-telefon-pink-gold.html
Vatan Bilgisayar,Tecno Camon18P 128 Gb Akıllı Telefon Dusk Grey,7999,https://www.vatanbilgisayar.com/tecno-camon18p-128-gb-akilli-telefon-dusk-grey.html
Vatan Bilgisayar,Huawei Nova 9 128 Gb Akıllı Telefon Mavi,11999,https://www.vatanbilgisayar.com/huawei-nova-9-128-gb-akilli-telefon-mavi.html
Vatan Bilgisayar,HUAWEI NOVA 9 128 GB AKILLI TELEFON SİYAH,11999,https://www.vatanbilgisayar.com/huawei-nova-9-128-gb-akilli-telefon-siyah.html
Vatan Bilgisayar,iPhone 13 Mini 512 Gb Akıllı Telefon Yıldız Işığı,29999,https://www.vatanbilgisayar.com/iphone-13-mini-512-gb-akilli-telefon-yildiz-isigi.html
Vatan Bilgisayar,Samsung Galaxy Z Flıp3 5g 128 Gb Akıllı Telefon Fantom Siyah,18999,https://www.vatanbilgisayar.com/samsung-galaxy-z-flip-3-5g-akilli-telefon.html
Vatan Bilgisayar,HONOR 70 128 GB AKILLI TELEFON GECE YARISI SİYAHI,13999,https://www.vatanbilgisayar.com/honor-70-128-gb-akilli-telefon-gece-yarisi-siyahi.html
Vatan Bilgisayar,HUAWEI MATE 50 PRO 256 GB AKILLI TELEFON SIYAH,32999,https://www.vatanbilgisayar.com/huawei-mate-50-pro-siyah.html
Vatan Bilgisayar,Tecno Pova Neo 64 GB LE6 Akıllı Telefon Parlak Mavi,4499,https://www.vatanbilgisayar.com/tecno-pova-neo-64-gb-le6-akilli-telefon-parlak-mavi.html
Vatan Bilgisayar,SAMSUNG GALAXY S22 128 GB AKILLI TELEFON YEŞİL,25993,https://www.vatanbilgisayar.com/samsung-galaxy-s22-128-gb-akilli-telefon-green.html
Vatan Bilgisayar,SAMSUNG GALAXY S21 FE 5G 128 GB AKILLI TELEFON ZEYTİN,15999,https://www.vatanbilgisayar.com/samsung-galaxy-s21-fe-5g-128-gb-akilli-telefon-olive.html
Vatan Bilgisayar,Samsung Galaxy Z Flıp3 5g 128 Gb Akıllı Telefon Cream,18999,https://www.vatanbilgisayar.com/samsung-galaxy-z-flip3-5g-128-gb-akilli-telefon-cream.html
Vatan Bilgisayar,Samsung Galaxy A32 128 Gb Akıllı Telefon Mavi,7999,https://www.vatanbilgisayar.com/samsung-galaxy-a32-128-gb-akilli-telefon-mavi.html
Vatan Bilgisayar,Vivo Y16 4/64 Gb Akıllı Telefon Yıldızlı Gece Siyahı,4999,https://www.vatanbilgisayar.com/vivo-y16-64-gb-akilli-telefon-yildizli-gece-siyahi.html
Vatan Bilgisayar,Tecno Camon 19 Neo 6/128GB Akıllı Telefon Buz Mavisi,6799,https://www.vatanbilgisayar.com/tecno-camon-19-neo-6-128gb-akilli-telefon-beyaz.html
Vatan Bilgisayar,HUAWEI NOVA 10 8/128 GB AKILLI TELEFON GÜMÜŞ,13999,https://www.vatanbilgisayar.com/huawei-nova-10-8-128-gb-akilli-telefon-gumus.html
Vatan Bilgisayar,Xiaomi Redmi Note 11 Pro 6GB/128GB Akıllı Telefon Gri,8999,https://www.vatanbilgisayar.com/xiaomi-redmi-note-11-pro-6gb-128gb-akilli-telefon-gri.html
Vatan Bilgisayar,SAMSUNG GALAXY S22 128 GB AKILLI TELEFON PEMBE ALTIN,25993,https://www.vatanbilgisayar.com/samsung-galaxy-s22-128-gb-akilli-telefon-pink-gold.html
Vatan Bilgisayar,Samsung Galaxy S20 Fe 128 Gb Beyaz Telefon,11999,https://www.vatanbilgisayar.com/samsung-galaxy-s20-fe-128-gb-beyaz-telefon.html
Vatan Bilgisayar,Tecno Pova Neo 64 GB LE6 Akıllı Telefon Obsidyen Siyah,4499,https://www.vatanbilgisayar.com/tecno-pova-neo-64-gb-le6-akilli-telefon-obsidyen-siyah.html
Vatan Bilgisayar,Vivo Y16 4/64 Gb Akıllı Telefon Işıltılı Altın,4999,https://www.vatanbilgisayar.com/vivo-y16-64-gb-akilli-telefon-isiltili-altin.html
